english,korean,part_of_speech,difficulty,created_at,updated_at,example_sentence,example_translation,,,,,
1,executive,"경영진, 임원",noun,easy,2025-03-21 17:45:44.000000,2025-03-21 17:45:44.000000,The executive made a tough decision to cut down on company expenses.,그 임원은 회사 비용을 줄이기 위해 어려운 결정을 내렸다.,,,,,
2,inventory,"재고, 재고 목록",noun,easy,2025-03-21 17:45:44.000000,2025-03-21 17:45:44.000000,We need to take inventory before the end of the fiscal year.,회계 연도 말 전에 재고 조사를 해야 한다.,,,,,
3,feature,"특징, 특색",noun,easy,2025-03-21 17:45:44.000000,2025-03-21 17:45:44.000000,The latest smartphone features an improved camera and longer battery life.,최신 스마트폰은 향상된 카메라와 더 긴 배터리 수명을 갖추고 있다.,,,,,
4,acknowledge,수신을 인정하다,verb,easy,2025-03-21 17:45:44.000000,2025-03-21 17:45:44.000000,He acknowledged receiving the package with a quick nod.,그는 고개를 끄덕여 소포를 받았음을 인정했다.,,,,,
5,voucher,"상품권, 바우처",noun,easy,2025-03-21 17:45:44.000000,2025-03-21 17:45:44.000000,Please present your voucher at the front desk to receive the discount.,할인을 받으시려면 프런트 데스크에 바우처를 제시해 주세요.,,,,,
6,estimate,"견적서, 평가",noun,easy,2025-03-21 17:45:44.000000,2025-03-21 17:45:44.000000,"The contractor gave us an estimate of $5,000 for the kitchen renovation.",시공업자는 주방 리모델링 비용으로 5천 달러의 견적을 제시했다.,,,,,
7,resume,재개하다,verb,easy,2025-03-21 17:45:44.000000,2025-03-21 17:45:44.000000,She plans to resume work after taking a short break.,그녀는 짧은 휴식을 취한 후 일을 재개할 계획이다.,,,,,
8,issue,"문제, 이슈",noun,easy,2025-03-21 17:45:44.000000,2025-03-21 17:45:44.000000,The manager addressed the issue during the team meeting.,매니저는 팀 회의 중 그 문제를 다루었다.,,,,,
9,property,"재산, 소유물",noun,easy,2025-03-21 17:45:44.000000,2025-03-21 17:45:44.000000,The family owns a large property in the countryside.,그 가족은 시골에 넓은 부동산을 소유하고 있다.,,,,,
10,eligible,자격이 있는,adjective,easy,2025-03-21 17:45:44.000000,2025-03-21 17:45:44.000000,You are eligible for a refund if you return the item within 30 days.,30일 이내에 물건을 반품하면 환불을 받을 자격이 있다.,,,,,
11,initiative,주도권,noun,easy,2025-03-21 17:45:44.000000,2025-03-21 17:45:44.000000,The company launched a new environmental initiative to reduce waste.,그 회사는 쓰레기를 줄이기 위한 새로운 환경 이니셔티브를 시작했다.,,,,,
12,culinary,"요리의, 음식의",adjective,easy,2025-03-21 17:45:44.000000,2025-03-21 17:45:44.000000,She enrolled in a culinary school to become a professional chef.,그녀는 전문 요리사가 되기 위해 요리 학교에 등록했다.,,,,,
13,extensive,광범위한,adjective,easy,2025-03-21 17:45:44.000000,2025-03-21 17:45:44.000000,The flood caused extensive damage to the entire neighborhood.,홍수는 인근 전체 지역에 광범위한 피해를 입혔다.,,,,,
14,deposit,"예치금, 보증금",noun,easy,2025-03-21 17:45:44.000000,2025-03-21 17:45:44.000000,You need to pay a deposit to secure your reservation.,예약을 확정하려면 보증금을 내야 한다.,,,,,
15,retail,소매,noun,easy,2025-03-21 17:45:44.000000,2025-03-21 17:45:44.000000,She works in the retail industry as a store manager.,그녀는 매장 관리자 역할로 소매업계에서 일하고 있다.,,,,,
16,affordable,가격이 알맞은,adjective,easy,2025-03-21 17:45:44.000000,2025-03-21 17:45:44.000000,This store offers stylish clothes at affordable prices.,이 가게는 저렴한 가격에 세련된 옷을 제공한다.,,,,,
17,grant,승인하다,verb,easy,2025-03-21 17:45:44.000000,2025-03-21 17:45:44.000000,The student received a grant to study abroad.,그 학생은 유학을 위한 보조금을 받았다.,,,,,
18,significantly,"상당히, 현저하게",adverb,easy,2025-03-21 17:45:44.000000,2025-03-21 17:45:44.000000,The new system has significantly improved work efficiency.,새 시스템은 업무 효율을 크게 향상시켰다.,,,,,
19,reserve,예약하다,verb,easy,2025-03-21 17:45:44.000000,2025-03-21 17:45:44.000000,I’d like to reserve a table for two at 7 PM.,오후 7시에 두 명 자리 예약하고 싶습니다.,,,,,
20,application,"신청, 지원서",noun,easy,2025-03-21 17:45:44.000000,2025-03-21 17:45:44.000000,He submitted his job application just before the deadline.,그는 마감 직전에 입사 지원서를 제출했다.,,,,,
21,address,주소,noun,easy,2025-03-21 17:45:44.000000,2025-03-21 17:45:44.000000,The speaker addressed the issue of climate change during the conference.,연설자는 회의 중 기후 변화 문제를 언급했다.,,,,,
22,suppose,추정하다,verb,easy,2025-03-21 17:45:44.000000,2025-03-21 17:45:44.000000,I suppose he forgot about the meeting again.,그는 또 회의를 잊은 것 같아.,,,,,
23,charge,요금,noun,easy,2025-03-21 17:45:44.000000,2025-03-21 17:45:44.000000,The hotel will charge you for any damage to the room.,호텔은 객실 손상에 대해 요금을 부과할 것이다.,,,,,
24,expire,기한이 만료되다,verb,easy,2025-03-21 17:45:44.000000,2025-03-21 17:45:44.000000,My passport will expire at the end of this month.,내 여권은 이번 달 말에 만료된다.,,,,,
25,refund,환불,noun,easy,2025-03-21 17:45:44.000000,2025-03-21 17:45:44.000000,You can request a refund within 14 days of purchase.,구매 후 14일 이내에 환불을 요청할 수 있습니다.,,,,,
26,promote,촉진하다,verb,easy,2025-03-21 17:45:44.000000,2025-03-21 17:45:44.000000,The company plans to promote its new product through social media.,그 회사는 SNS를 통해 신제품을 홍보할 계획이다.,,,,,
27,revenue,"수익, 수입",noun,easy,2025-03-21 17:45:44.000000,2025-03-21 17:45:44.000000,The company’s annual revenue exceeded one billion dollars.,그 회사의 연간 수익은 10억 달러를 초과했다.,,,,,
28,opportunity,기회,noun,easy,2025-03-21 17:45:44.000000,2025-03-21 17:45:44.000000,This internship is a great opportunity to gain real-world experience.,이 인턴십은 실제 경험을 쌓을 수 있는 좋은 기회이다.,,,,,
29,valid,유효한,adjective,easy,2025-03-21 17:45:44.000000,2025-03-21 17:45:44.000000,Your driver’s license is valid for another three years.,당신의 운전면허증은 앞으로 3년 더 유효합니다.,,,,,
30,confidential,"기밀의, 비밀의",adjective,easy,2025-03-21 17:45:44.000000,2025-03-21 17:45:44.000000,Please keep this information strictly confidential.,이 정보는 철저히 비밀로 유지해 주세요.,,,,,
31,figure,숫자,noun,easy,2025-03-21 17:45:44.000000,2025-03-21 17:45:44.000000,I can’t believe how quickly she regained her figure after giving birth.,그녀가 출산 후 그렇게 빨리 몸매를 회복했다니 믿을 수 없다.,,,,,
32,traffic,"교통, 차량의 흐름",noun,easy,2025-03-21 17:45:44.000000,2025-03-21 17:45:44.000000,The traffic was heavy due to the holiday weekend.,연휴 주말로 인해 교통이 혼잡했다.,,,,,
33,audience,"청중, 관객",noun,easy,2025-03-21 17:45:44.000000,2025-03-21 17:45:44.000000,The audience applauded the performance with a standing ovation.,관객은 기립 박수로 공연을 환영했다.,,,,,
34,occupy,공간을 차지하다,verb,easy,2025-03-21 17:45:44.000000,2025-03-21 17:45:44.000000,The new tenants will occupy the apartment starting next week.,새로운 세입자들이 다음 주부터 아파트에 입주할 예정이다.,,,,,
35,approximately,대략,adverb,easy,2025-03-21 17:45:44.000000,2025-03-21 17:45:44.000000,The journey will take approximately two hours.,여정은 대략 두 시간이 걸릴 것이다.,,,,,
36,complimentary,무료의,adjective,easy,2025-03-21 17:45:44.000000,2025-03-21 17:45:44.000000,Guests will receive complimentary breakfast at the hotel.,호텔에서는 투숙객에게 무료 아침 식사를 제공합니다.,,,,,
37,outstanding,"미해결의, 미지불된",adjective,easy,2025-03-21 17:45:44.000000,2025-03-21 17:45:44.000000,He received an award for his outstanding performance.,그는 뛰어난 성과로 상을 받았다.,,,,,
38,imperative,"긴급한, 필수적인",adjective,easy,2025-03-21 17:45:44.000000,2025-03-21 17:45:44.000000,It is imperative that we finish this project on time.,우리는 이 프로젝트를 제시간에 끝내는 것이 필수적이다.,,,,,
39,substantial,상당한,adjective,easy,2025-03-21 17:45:44.000000,2025-03-21 17:45:44.000000,The company made a substantial investment in renewable energy.,그 회사는 재생 에너지에 상당한 투자를 했다.,,,,,
40,decline,감소하다,verb,easy,2025-03-21 17:45:44.000000,2025-03-21 17:45:44.000000,Sales declined sharply in the last quarter.,지난 분기에 매출이 급격히 감소했다.,,,,,
41,balance,균형,noun,easy,2025-03-21 17:45:44.000000,2025-03-21 17:45:44.000000,She tries to balance work and family life.,그녀는 일과 가정생활의 균형을 맞추려고 노력한다.,,,,,
42,account,계좌,noun,easy,2025-03-21 17:45:44.000000,2025-03-21 17:45:44.000000,I created an online account to manage my purchases.,나는 구매 관리를 위해 온라인 계정을 만들었다.,,,,,
43,proceed,"계속하다, 진행하다",verb,easy,2025-03-21 17:45:44.000000,2025-03-21 17:45:44.000000,"After the break, we will proceed with the next presentation.",휴식 후에 다음 발표를 진행하겠습니다.,,,,,
44,amenities,편의시설,noun,easy,2025-03-21 17:45:44.000000,2025-03-21 17:45:44.000000,"The hotel offers many amenities such as a spa, gym, and pool.","그 호텔은 스파, 헬스장, 수영장 같은 다양한 편의 시설을 제공한다.",,,,,
45,renowned,유명한,adjective,easy,2025-03-21 17:45:44.000000,2025-03-21 17:45:44.000000,She is a renowned expert in the field of biotechnology.,그녀는 생명공학 분야의 저명한 전문가이다.,,,,,
46,preserve,보존하다,verb,easy,2025-03-21 17:45:44.000000,2025-03-21 17:45:44.000000,It's important to preserve historic buildings for future generations.,역사적인 건물을 미래 세대를 위해 보존하는 것은 중요하다.,,,,,
47,simply,"단순하게, 간결하게",adverb,easy,2025-03-21 17:45:44.000000,2025-03-21 17:45:44.000000,Simply press the button to start the machine.,기계를 작동시키려면 단순히 버튼만 누르면 됩니다.,,,,,
48,presence,"존재, 출석",noun,easy,2025-03-21 17:45:44.000000,2025-03-21 17:45:44.000000,His presence at the meeting made a strong impression.,회의에 그의 참석은 강한 인상을 남겼다.,,,,,
49,laboratory,실험실,noun,easy,2025-03-21 17:45:44.000000,2025-03-21 17:45:44.000000,The vaccine was tested extensively in the laboratory.,백신은 실험실에서 철저하게 테스트되었다.,,,,,
50,effective,효과적인,adjective,easy,2025-03-21 17:45:44.000000,2025-03-21 17:45:44.000000,The new policy is effective starting next Monday.,새로운 정책은 다음 주 월요일부터 시행된다.,,,,,
51,enhance,향상시키다,verb,easy,2025-03-21 17:45:44.000000,2025-03-21 17:45:44.000000,These updates will enhance the software’s performance.,이 업데이트는 소프트웨어 성능을 향상시킬 것이다.,,,,,
52,insurance,보험,noun,easy,2025-03-21 17:45:44.000000,2025-03-21 17:45:44.000000,You must have travel insurance before leaving the country.,해외로 나가기 전에 여행 보험에 가입해야 한다.,,,,,
53,spacious,"넓은, 공간이 많은",adjective,easy,2025-03-21 17:45:44.000000,2025-03-21 17:45:44.000000,"The apartment is modern and spacious, ideal for a family.",그 아파트는 현대적이고 넓어서 가족이 살기에 이상적이다.,,,,,
54,ingredient,"(요리 및 화학 물질의) 재료, 성분",noun,easy,2025-03-21 17:45:44.000000,2025-03-21 17:45:44.000000,Fresh ingredients are essential for a good meal.,신선한 재료는 좋은 요리에 필수적이다.,,,,,
55,withdraw,철회하다,verb,easy,2025-03-21 17:45:44.000000,2025-03-21 17:45:44.000000,She decided to withdraw her application for the position.,그녀는 해당 직위에 대한 지원을 철회하기로 결정했다.,,,,,
56,banquet,"연회, 만찬",noun,easy,2025-03-21 17:45:44.000000,2025-03-21 17:45:44.000000,The company hosted a banquet to celebrate its anniversary.,회사는 창립 기념일을 축하하기 위해 연회를 열었다.,,,,,
57,experiment,실험,noun,easy,2025-03-21 17:45:44.000000,2025-03-21 17:45:44.000000,They conducted an experiment to test the hypothesis.,그들은 가설을 검증하기 위해 실험을 수행했다.,,,,,
58,specific,"구체적인, 명확한",adjective,easy,2025-03-21 17:45:44.000000,2025-03-21 17:45:44.000000,Please provide specific details about the incident.,그 사건에 대해 구체적인 내용을 제공해 주세요.,,,,,
59,specialize,전문화하다,verb,easy,2025-03-21 17:45:44.000000,2025-03-21 17:45:44.000000,Our firm specializes in corporate law and intellectual property.,우리 회사는 기업 법률 및 지식 재산권에 전문화되어 있다.,,,,,
60,affect,영향을 미치다,verb,easy,2025-03-21 17:45:44.000000,2025-03-21 17:45:44.000000,The delay may affect our production schedule.,지연은 생산 일정에 영향을 미칠 수 있다.,,,,,
61,equip,장비를 제공하다,verb,easy,2025-03-21 17:45:44.000000,2025-03-21 17:45:44.000000,All employees were equipped with safety gear before entering.,모든 직원은 들어가기 전에 안전 장비를 착용했다.,,,,,
62,reimbursement,"환급, 상환",noun,easy,2025-03-21 17:45:44.000000,2025-03-21 17:45:44.000000,You will receive reimbursement for travel expenses within a week.,여행 경비에 대한 환급은 일주일 이내에 받을 수 있다.,,,,,
63,premises,"건물과 토지, 부지",noun,easy,2025-03-21 17:45:44.000000,2025-03-21 17:45:44.000000,Smoking is strictly prohibited on the school premises.,학교 구내에서는 흡연이 엄격히 금지되어 있다.,,,,,
64,renovate,"수리하다, 개조하다",verb,easy,2025-03-21 17:45:44.000000,2025-03-21 17:45:44.000000,They plan to renovate the lobby to create a more welcoming space.,그들은 로비를 환영받는 공간으로 만들기 위해 리모델링할 계획이다.,,,,,
65,versatile,다재다능한,adjective,easy,2025-03-21 17:45:44.000000,2025-03-21 17:45:44.000000,She is a versatile designer who works with both fashion and interior.,그녀는 패션과 인테리어 모두를 다루는 다재다능한 디자이너이다.,,,,,
66,implement,실행하다,verb,easy,2025-03-21 17:45:44.000000,2025-03-21 17:45:44.000000,The company will implement a new system next quarter.,그 회사는 다음 분기에 새로운 시스템을 도입할 예정이다.,,,,,
67,informed,정보에 기반한,adjective,easy,2025-03-21 17:45:44.000000,2025-03-21 17:45:44.000000,We will keep you informed of any changes in the schedule.,일정 변경 사항이 있을 경우 계속 알려드리겠습니다.,,,,,
68,commitment,약속,noun,easy,2025-03-21 17:45:44.000000,2025-03-21 17:45:44.000000,He showed great commitment to completing the project on time.,그는 프로젝트를 제시간에 완료하려는 강한 헌신을 보였다.,,,,,
69,direct,직접적인,adjective,easy,2025-03-21 17:45:44.000000,2025-03-21 17:45:44.000000,You should direct any complaints to customer service.,불만 사항은 고객 서비스 부서로 전달해야 한다.,,,,,
70,facilitate,"용이하게 하다, 촉진 하다",verb,easy,2025-03-21 17:45:44.000000,2025-03-21 17:45:44.000000,The new software will facilitate better communication between teams.,이 새로운 소프트웨어는 팀 간의 더 나은 소통을 촉진할 것이다.,,,,,
71,commission,수수료,noun,easy,2025-03-21 17:45:44.000000,2025-03-21 17:45:44.000000,She earns a 10% commission on every sale she makes.,그녀는 판매할 때마다 10%의 수수료를 받는다.,,,,,
72,cover,덮다,verb,easy,2025-03-21 17:45:44.000000,2025-03-21 17:45:44.000000,The warranty covers all repairs for up to two years.,보증은 최대 2년 동안 모든 수리를 포함한다.,,,,,
73,encourage,격려하다,verb,easy,2025-03-21 17:45:44.000000,2025-03-21 17:45:44.000000,Parents should encourage children to express their opinions.,부모는 자녀가 의견을 표현하도록 격려해야 한다.,,,,,
74,persuade,설득하다,verb,easy,2025-03-21 17:45:44.000000,2025-03-21 17:45:44.000000,He persuaded his boss to invest in the new project.,그는 상사를 설득해 새 프로젝트에 투자하게 했다.,,,,,
75,accompany,"동반하다, 함께 가다",verb,easy,2025-03-21 17:45:44.000000,2025-03-21 17:45:44.000000,I’ll accompany you to the airport if you’d like.,원하시면 공항까지 동행하겠습니다.,,,,,
76,candidate,"후보자, 지원자",noun,easy,2025-03-21 17:45:44.000000,2025-03-21 17:45:44.000000,She is the strongest candidate for the managerial position.,그녀는 관리자 직책의 가장 유력한 후보자이다.,,,,,
77,renew,갱신하다,verb,easy,2025-03-21 17:45:44.000000,2025-03-21 17:45:44.000000,Don’t forget to renew your membership before the deadline.,마감일 전에 회원권 갱신을 잊지 마세요.,,,,,
78,launch,출시하다,verb,easy,2025-03-21 17:45:44.000000,2025-03-21 17:45:44.000000,The company will launch its new product line next month.,회사는 다음 달에 신제품 라인을 출시할 예정이다.,,,,,
79,reliable,"믿을 수 있는, 신뢰할 수 있는",adjective,easy,2025-03-21 17:45:44.000000,2025-03-21 17:45:44.000000,We are looking for a reliable supplier who can meet deadlines.,우리는 마감일을 지킬 수 있는 신뢰할 수 있는 공급업체를 찾고 있다.,,,,,
80,inform,알리다,verb,easy,2025-03-21 17:45:44.000000,2025-03-21 17:45:44.000000,Please inform us of any dietary restrictions in advance.,음식 제한 사항이 있으면 미리 알려 주세요.,,,,,
81,contribute,기여하다,verb,easy,2025-03-21 17:45:44.000000,2025-03-21 17:45:44.000000,Everyone is encouraged to contribute their ideas to the discussion.,모두가 토론에 자신의 아이디어를 기여하도록 권장된다.,,,,,
82,strategy,전략,noun,easy,2025-03-21 17:45:44.000000,2025-03-21 17:45:44.000000,We need a new marketing strategy to increase sales.,우리는 매출을 늘리기 위한 새로운 마케팅 전략이 필요하다.,,,,,
83,motivate,동기부여하다,verb,easy,2025-03-21 17:45:44.000000,2025-03-21 17:45:44.000000,The coach tried to motivate the team with an inspiring speech.,코치는 팀을 고무시키기 위해 감동적인 연설을 했다.,,,,,
84,consider,고려하다,verb,easy,2025-03-21 17:45:44.000000,2025-03-21 17:45:44.000000,Please consider my application for the position.,제 지원서를 그 직책에 고려해 주세요.,,,,,
85,remind,상기시키다,verb,easy,2025-03-21 17:45:44.000000,2025-03-21 17:45:44.000000,Can you remind me to call her at 5 PM?,오후 5시에 그녀에게 전화하라고 상기시켜줄 수 있나요?,,,,,
86,suitable,"적합한, 알맞은",adjective,easy,2025-03-21 17:45:44.000000,2025-03-21 17:45:44.000000,This dress is suitable for formal occasions.,이 드레스는 격식을 갖춘 행사에 적합하다.,,,,,
87,beverage,음료,noun,easy,2025-03-21 17:45:44.000000,2025-03-21 17:45:44.000000,Coffee is a popular morning beverage around the world.,커피는 전 세계적으로 인기 있는 아침 음료이다.,,,,,
88,portable,휴대할 수 있는,adjective,easy,2025-03-21 17:45:44.000000,2025-03-21 17:45:44.000000,"This speaker is small and portable, ideal for travel.",이 스피커는 작고 휴대 가능해서 여행에 이상적이다.,,,,,
89,essential,필수적인,adjective,easy,2025-03-21 17:45:44.000000,2025-03-21 17:45:44.000000,Water is essential for all forms of life.,물은 모든 생명체에 필수적이다.,,,,,
90,consent,"동의, 허락",noun,easy,2025-03-21 17:45:44.000000,2025-03-21 17:45:44.000000,You need parental consent to go on the field trip.,소풍에 가려면 부모님의 동의가 필요하다.,,,,,
91,tentative,"잠정적인, 임시의",adjective,easy,2025-03-21 17:45:44.000000,2025-03-21 17:45:44.000000,The meeting is scheduled for a tentative date next Friday.,회의는 다음 주 금요일로 임시 예정되어 있다.,,,,,
92,respective,"각각의, 각자의",adjective,easy,2025-03-21 17:45:44.000000,2025-03-21 17:45:44.000000,The students returned to their respective seats after lunch.,학생들은 점심 후 각자의 자리로 돌아갔다.,,,,,
93,arrange,정리하다,verb,easy,2025-03-21 17:45:44.000000,2025-03-21 17:45:44.000000,I will arrange transportation to the airport.,공항까지의 교통편을 마련하겠다.,,,,,
94,associate,"관련시키다, 연관짓다",verb,easy,2025-03-21 17:45:44.000000,2025-03-21 17:45:44.000000,Many people associate dark clouds with bad weather.,많은 사람들이 먹구름을 나쁜 날씨와 연관 짓는다.,,,,,
95,publicity,"언론 보도, 광고",noun,easy,2025-03-21 17:45:44.000000,2025-03-21 17:45:44.000000,The campaign gained a lot of publicity on social media.,그 캠페인은 소셜 미디어에서 많은 홍보를 얻었다.,,,,,
96,instructor,"강사, 교관",noun,easy,2025-03-21 17:45:44.000000,2025-03-21 17:45:44.000000,The driving instructor taught me how to parallel park.,운전 강사가 평행 주차하는 법을 가르쳐줬다.,,,,,
97,contractor,"계약자, 도급업자",noun,easy,2025-03-21 17:45:44.000000,2025-03-21 17:45:44.000000,The contractor finished the building project ahead of schedule.,그 계약자는 건설 프로젝트를 예정보다 빨리 끝냈다.,,,,,
98,relevant,관련 있는,adjective,easy,2025-03-21 17:45:44.000000,2025-03-21 17:45:44.000000,Please include only the most relevant information in your report.,보고서에는 가장 관련 있는 정보만 포함해 주세요.,,,,,
99,weekly,매주 열리는,adjective,easy,2025-03-21 17:45:44.000000,2025-03-21 17:45:44.000000,We have a weekly team meeting every Monday.,우리는 매주 월요일에 팀 회의를 한다.,,,,,
100,imply,암시하다,verb,easy,2025-03-21 17:45:44.000000,2025-03-21 17:45:44.000000,His silence seemed to imply agreement.,그의 침묵은 동의를 암시하는 것처럼 보였다.,,,,,
101,readily,쉽게,adverb,medium,2025-03-21 17:45:44.000000,2025-03-21 17:45:44.000000,She readily agreed to help with the project.,그녀는 기꺼이 그 프로젝트를 도와주겠다고 동의했다.,,,,,
102,diversify,"다양화하다, 다각화 하다",verb,medium,2025-03-21 17:45:44.000000,2025-03-21 17:45:44.000000,The company plans to diversify its product line next year.,그 회사는 내년에 제품 라인을 다양화할 계획이다.,,,,,
103,purpose,"목적, 의도",noun,medium,2025-03-21 17:45:44.000000,2025-03-21 17:45:44.000000,The main purpose of this meeting is to discuss the budget.,이 회의의 주된 목적은 예산을 논의하는 것이다.,,,,,
104,remarkable,"눈에 띄는, 주목할 만 한",adjective,medium,2025-03-21 17:45:44.000000,2025-03-21 17:45:44.000000,Her performance was truly remarkable and received high praise.,그녀의 연기는 정말 놀라웠고 높은 찬사를 받았다.,,,,,
105,accuse,비난하다,verb,medium,2025-03-21 17:45:44.000000,2025-03-21 17:45:44.000000,He was accused of stealing company funds.,그는 회사 자금을 훔친 혐의를 받았다.,,,,,
106,coordinate,"조율하다, 조정하다",verb,medium,2025-03-21 17:45:44.000000,2025-03-21 17:45:44.000000,We need to coordinate our schedules to find a meeting time.,회의 시간을 정하기 위해 일정 조율이 필요하다.,,,,,
107,breakthrough,중요한 발견,noun,medium,2025-03-21 17:45:44.000000,2025-03-21 17:45:44.000000,Scientists have made a major breakthrough in cancer treatment.,과학자들이 암 치료에서 큰 돌파구를 마련했다.,,,,,
108,affiliate,제휴하다,verb,medium,2025-03-21 17:45:44.000000,2025-03-21 17:45:44.000000,The local clinic is affiliated with the university hospital.,그 지역 클리닉은 대학 병원과 제휴되어 있다.,,,,,
109,aggravate,악화시키다,verb,medium,2025-03-21 17:45:44.000000,2025-03-21 17:45:44.000000,His rude comments only aggravated the situation.,그의 무례한 발언은 상황을 더욱 악화시켰다.,,,,,
110,amend,"수정하다, 변경하다",verb,medium,2025-03-21 17:45:44.000000,2025-03-21 17:45:44.000000,The contract was amended to include new terms.,계약은 새로운 조건을 포함하도록 수정되었다.,,,,,
111,collateral,담보(물),noun,medium,2025-03-21 17:45:44.000000,2025-03-21 17:45:44.000000,He offered his car as collateral for the loan.,그는 대출 담보로 자신의 차를 제공했다.,,,,,
112,compulsory,"강제된, 의무적인",adjective,medium,2025-03-21 17:45:44.000000,2025-03-21 17:45:44.000000,Education is compulsory for children up to a certain age.,교육은 일정 나이까지 아동에게 의무적이다.,,,,,
113,prosecute,법적으로 기소하다,verb,medium,2025-03-21 17:45:44.000000,2025-03-21 17:45:44.000000,The company was prosecuted for violating environmental laws.,그 회사는 환경 법률 위반으로 기소되었다.,,,,,
114,promising,"전도유망한, 기대되는",adjective,medium,2025-03-21 17:45:44.000000,2025-03-21 17:45:44.000000,She is a promising young artist with a bright future.,그녀는 장래가 밝은 유망한 젊은 예술가이다.,,,,,
115,volatile,변덕스러운,adjective,medium,2025-03-21 17:45:44.000000,2025-03-21 17:45:44.000000,The stock market is highly volatile these days.,요즘 주식 시장은 매우 변동성이 크다.,,,,,
116,surpass,능가하다,verb,medium,2025-03-21 17:45:44.000000,2025-03-21 17:45:44.000000,Their new product has already surpassed expectations.,그들의 신제품은 이미 기대치를 뛰어넘었다.,,,,,
117,vulnerable,취약한,adjective,medium,2025-03-21 17:45:44.000000,2025-03-21 17:45:44.000000,Infants are especially vulnerable to infections.,유아는 감염에 특히 취약하다.,,,,,
118,subordinate,"하위의, 종속적인",adjective,medium,2025-03-21 17:45:44.000000,2025-03-21 17:45:44.000000,The manager treats all subordinates with respect.,그 매니저는 모든 부하 직원을 존중하며 대한다.,,,,,
119,incur,(비용을) 발생시키다,verb,medium,2025-03-21 17:45:44.000000,2025-03-21 17:45:44.000000,You may incur additional charges if you cancel late.,늦게 취소하면 추가 요금이 발생할 수 있다.,,,,,
120,overall,전반적인,adjective,medium,2025-03-21 17:45:44.000000,2025-03-21 17:45:44.000000,"Overall, the project was a great success.","전반적으로, 그 프로젝트는 큰 성공이었다.",,,,,
121,quota,할당량,noun,medium,2025-03-21 17:45:44.000000,2025-03-21 17:45:44.000000,The company reached its sales quota for the quarter.,회사는 이번 분기의 판매 할당량을 달성했다.,,,,,
122,oversee,"관리하다, 감독하다",verb,medium,2025-03-21 17:45:44.000000,2025-03-21 17:45:44.000000,He was hired to oversee the construction project.,그는 건설 프로젝트를 감독하기 위해 고용되었다.,,,,,
123,subsidiary,"보조적인, 부수적인",adjective,medium,2025-03-21 17:45:44.000000,2025-03-21 17:45:44.000000,The firm is a subsidiary of a major international corporation.,그 회사는 대형 국제 기업의 자회사이다.,,,,,
124,morale,"사기, 의욕",noun,medium,2025-03-21 17:45:44.000000,2025-03-21 17:45:44.000000,Employee morale has improved since the new manager arrived.,새 관리자 부임 이후 직원들의 사기가 향상되었다.,,,,,
125,prolonged,"장기적인, 길어진",adjective,medium,2025-03-21 17:45:44.000000,2025-03-21 17:45:44.000000,The country suffered from a prolonged drought.,그 나라는 장기적인 가뭄을 겪었다.,,,,,
126,bid,"제안하다, 입찰하다",verb,medium,2025-03-21 17:45:44.000000,2025-03-21 17:45:44.000000,They placed a bid on the new government contract.,그들은 새로운 정부 계약에 입찰했다.,,,,,
127,recipient,"수령인, 받는 사람",noun,medium,2025-03-21 17:45:44.000000,2025-03-21 17:45:44.000000,The recipient of the award gave a short speech.,상을 받은 수상자가 짧은 연설을 했다.,,,,,
128,mortgage,담보 대출,noun,medium,2025-03-21 17:45:44.000000,2025-03-21 17:45:44.000000,They took out a mortgage to buy their first home.,그들은 첫 집을 사기 위해 주택 담보 대출을 받았다.,,,,,
129,assign,"할당하다, 배정하다",verb,medium,2025-03-21 17:45:44.000000,2025-03-21 17:45:44.000000,The teacher assigned homework to be completed by Friday.,선생님은 금요일까지 끝내야 할 숙제를 내주었다.,,,,,
130,assert,주장하다,verb,medium,2025-03-21 17:45:44.000000,2025-03-21 17:45:44.000000,She asserted her innocence strongly in court.,그녀는 법정에서 강하게 자신의 결백을 주장했다.,,,,,
131,convince,"설득하다, 납득시키다",verb,medium,2025-03-21 17:45:44.000000,2025-03-21 17:45:44.000000,He tried to convince me to invest in his business.,그는 내게 자신의 사업에 투자하라고 설득했다.,,,,,
132,allowance,허용량,noun,medium,2025-03-21 17:45:44.000000,2025-03-21 17:45:44.000000,Children receive a weekly allowance from their parents.,아이들은 부모로부터 매주 용돈을 받는다.,,,,,
133,entry,"입장, 들어감",noun,medium,2025-03-21 17:45:44.000000,2025-03-21 17:45:44.000000,Entry to the museum is free for children under five.,다섯 살 이하 어린이는 박물관 입장이 무료이다.,,,,,
134,specification,"명세서, 사양",noun,medium,2025-03-21 17:45:44.000000,2025-03-21 17:45:44.000000,Please follow the product specifications exactly.,제품 사양을 정확히 따르십시오.,,,,,
135,consecutive,연속적인,adjective,medium,2025-03-21 17:45:44.000000,2025-03-21 17:45:44.000000,She won the award for three consecutive years.,그녀는 3년 연속으로 그 상을 받았다.,,,,,
136,substantial,상당한,adjective,medium,2025-03-21 17:45:44.000000,2025-03-21 17:45:44.000000,They made a substantial investment in the project.,그들은 그 프로젝트에 상당한 투자를 했다.,,,,,
137,takeover,기업 인수,noun,medium,2025-03-21 17:45:44.000000,2025-03-21 17:45:44.000000,The company announced a takeover of its competitor.,그 회사는 경쟁사의 인수를 발표했다.,,,,,
138,proprietor,소유주,noun,medium,2025-03-21 17:45:44.000000,2025-03-21 17:45:44.000000,The proprietor of the café greeted us warmly.,카페 주인이 우리를 따뜻하게 맞아주었다.,,,,,
139,campaign,"캠페인, 운동, 활동",noun,medium,2025-03-21 17:45:44.000000,2025-03-21 17:45:44.000000,They launched a campaign to promote recycling.,그들은 재활용을 장려하기 위한 캠페인을 시작했다.,,,,,
140,invaluable,"매우 귀중한, 가치를 매길 수 없는",adjective,medium,2025-03-21 17:45:44.000000,2025-03-21 17:45:44.000000,Her advice has been invaluable to our success.,그녀의 조언은 우리의 성공에 매우 귀중했다.,,,,,
141,conclude,마무리하다,verb,medium,2025-03-21 17:45:44.000000,2025-03-21 17:45:44.000000,Let's conclude the meeting with a summary.,요약으로 회의를 마무리합시다.,,,,,
142,secure,안전하게 하다,verb,medium,2025-03-21 17:45:44.000000,2025-03-21 17:45:44.000000,We secured a loan to expand our business.,우리는 사업 확장을 위해 대출을 확보했다.,,,,,
143,fabulous,"아주 멋진, 훌륭한",adjective,medium,2025-03-21 17:45:44.000000,2025-03-21 17:45:44.000000,The concert was absolutely fabulous!,그 콘서트는 정말 환상적이었다!,,,,,
144,agreement,"계약, 합의",noun,medium,2025-03-21 17:45:44.000000,2025-03-21 17:45:44.000000,Both sides signed the agreement after negotiation.,양측은 협상 후 계약서에 서명했다.,,,,,
145,barely,"겨우, 간신히",adverb,medium,2025-03-21 17:45:44.000000,2025-03-21 17:45:44.000000,I barely made it to the station on time.,나는 간신히 제시간에 역에 도착했다.,,,,,
146,objective,"목표, 목적",noun,medium,2025-03-21 17:45:44.000000,2025-03-21 17:45:44.000000,Our objective is to reduce production costs.,우리의 목표는 생산 비용을 줄이는 것이다.,,,,,
147,evaluation,평가,noun,medium,2025-03-21 17:45:44.000000,2025-03-21 17:45:44.000000,The evaluation process will take two weeks.,평가 과정은 2주가 걸릴 것이다.,,,,,
148,level,"수준, 단계",noun,medium,2025-03-21 17:45:44.000000,2025-03-21 17:45:44.000000,The water level in the reservoir is rising.,저수지의 수위가 올라가고 있다.,,,,,
149,colleague,동료,noun,medium,2025-03-21 17:45:44.000000,2025-03-21 17:45:44.000000,I discussed the project with my colleague.,나는 동료와 프로젝트에 대해 논의했다.,,,,,
150,force,"힘, 물리력",noun,medium,2025-03-21 17:45:44.000000,2025-03-21 17:45:44.000000,The wind was strong enough to force the door open.,바람이 너무 강해서 문이 열려버렸다.,,,,,
151,premier,"최고의, 가장 중요한",adjective,medium,2025-03-21 17:45:44.000000,2025-03-21 17:45:44.000000,He is the premier chef in this region.,그는 이 지역 최고의 셰프이다.,,,,,
152,hostile,적대적인,adjective,medium,2025-03-21 17:45:44.000000,2025-03-21 17:45:44.000000,The manager faced a hostile audience during the meeting.,매니저는 회의 중 적대적인 청중과 마주했다.,,,,,
153,correspond,"소통하다, 연락하다",verb,medium,2025-03-21 17:45:44.000000,2025-03-21 17:45:44.000000,His actions do not correspond with his words.,그의 행동은 말과 일치하지 않는다.,,,,,
154,fund,"자금, 기금",noun,medium,2025-03-21 17:45:44.000000,2025-03-21 17:45:44.000000,The government plans to fund renewable energy projects.,정부는 재생 에너지 프로젝트에 자금을 지원할 계획이다.,,,,,
155,overlook,"간과하다, 무시하다",verb,medium,2025-03-21 17:45:44.000000,2025-03-21 17:45:44.000000,He tends to overlook minor details.,그는 사소한 세부사항을 간과하는 경향이 있다.,,,,,
156,raise,들어올리다,verb,medium,2025-03-21 17:45:44.000000,2025-03-21 17:45:44.000000,They plan to raise salaries next year.,그들은 내년에 급여를 인상할 계획이다.,,,,,
157,apply,지원하다,verb,medium,2025-03-21 17:45:44.000000,2025-03-21 17:45:44.000000,You can apply for the position online.,온라인으로 그 직책에 지원할 수 있다.,,,,,
158,audit,회계 감사,noun,medium,2025-03-21 17:45:44.000000,2025-03-21 17:45:44.000000,The company is undergoing a financial audit.,그 회사는 재무 감사를 받고 있다.,,,,,
159,accurately,정확하게,adverb,medium,2025-03-21 17:45:44.000000,2025-03-21 17:45:44.000000,The data was accurately recorded and analyzed.,데이터는 정확하게 기록되고 분석되었다.,,,,,
160,bear,"견디다, 참다",verb,medium,2025-03-21 17:45:44.000000,2025-03-21 17:45:44.000000,I can't bear the noise any longer.,나는 더 이상 그 소음을 참을 수 없다.,,,,,
161,consequence,"결과, 영향",noun,medium,2025-03-21 17:45:44.000000,2025-03-21 17:45:44.000000,Every decision has its consequence.,모든 결정에는 그에 따른 결과가 있다.,,,,,
162,alliance,"동맹, 연합",noun,medium,2025-03-21 17:45:44.000000,2025-03-21 17:45:44.000000,The two countries formed a military alliance.,두 나라는 군사 동맹을 맺었다.,,,,,
163,deter,단념시키다,verb,medium,2025-03-21 17:45:44.000000,2025-03-21 17:45:44.000000,High prices may deter customers from buying.,높은 가격은 고객의 구매를 막을 수 있다.,,,,,
164,liable,책임이 있는,adjective,medium,2025-03-21 17:45:44.000000,2025-03-21 17:45:44.000000,The company is liable for any damages caused.,회사는 발생한 피해에 대해 책임이 있다.,,,,,
165,segment,"부분, 조각",noun,medium,2025-03-21 17:45:44.000000,2025-03-21 17:45:44.000000,The market was divided into several segments.,시장은 여러 세그먼트로 나뉘었다.,,,,,
166,initiate,"시작하다, 개시하다",verb,medium,2025-03-21 17:45:44.000000,2025-03-21 17:45:44.000000,They plan to initiate a new training program.,그들은 새로운 교육 프로그램을 시작할 계획이다.,,,,,
167,initially,"처음에, 초기에",adverb,medium,2025-03-21 17:45:44.000000,2025-03-21 17:45:44.000000,The project was initially delayed due to lack of funding.,그 프로젝트는 자금 부족으로 처음에 지연되었다.,,,,,
168,contestant,"경쟁자, 참가자",noun,medium,2025-03-21 17:45:44.000000,2025-03-21 17:45:44.000000,Each contestant must complete the race within an hour.,각 참가자는 1시간 이내에 경주를 완료해야 한다.,,,,,
169,substantially,상당히,adverb,medium,2025-03-21 17:45:44.000000,2025-03-21 17:45:44.000000,The cost of living has increased substantially.,생활비가 상당히 증가했다.,,,,,
170,automate,자동화하다,verb,medium,2025-03-21 17:45:44.000000,2025-03-21 17:45:44.000000,They plan to automate the entire production process.,그들은 전체 생산 과정을 자동화할 계획이다.,,,,,
171,pharmaceutical,의약품,noun,medium,2025-03-21 17:45:44.000000,2025-03-21 17:45:44.000000,She works for a pharmaceutical company.,그녀는 제약 회사에서 일한다.,,,,,
172,execute,실행하다,verb,medium,2025-03-21 17:45:44.000000,2025-03-21 17:45:44.000000,The manager executed the plan flawlessly.,관리자는 그 계획을 완벽하게 실행했다.,,,,,
173,instruct,지시하다,verb,medium,2025-03-21 17:45:44.000000,2025-03-21 17:45:44.000000,He instructed his assistant to prepare the documents.,그는 비서에게 문서를 준비하라고 지시했다.,,,,,
174,acquaint,알리다,verb,medium,2025-03-21 17:45:44.000000,2025-03-21 17:45:44.000000,I need to acquaint myself with the new software.,나는 새 소프트웨어에 익숙해져야 한다.,,,,,
175,overprice,가격을 지나치게 높게 책정하다,verb,medium,2025-03-21 17:45:44.000000,2025-03-21 17:45:44.000000,The items were clearly overpriced.,그 물건들은 명백히 가격이 과도하게 매겨졌다.,,,,,
176,pioneer,"개척자, 선구자",noun,medium,2025-03-21 17:45:44.000000,2025-03-21 17:45:44.000000,She is a pioneer in medical research.,그녀는 의학 연구 분야의 개척자이다.,,,,,
177,distinguished,"두드러진, 뛰어난",adjective,medium,2025-03-21 17:45:44.000000,2025-03-21 17:45:44.000000,He is a distinguished professor of economics.,그는 저명한 경제학 교수이다.,,,,,
178,clearance,허가,noun,medium,2025-03-21 17:45:44.000000,2025-03-21 17:45:44.000000,We’re having a clearance sale on all items.,우리는 전 품목에 대해 재고 정리 세일을 하고 있다.,,,,,
179,perceive,"인식하다, 이해하다",verb,medium,2025-03-21 17:45:44.000000,2025-03-21 17:45:44.000000,Children often perceive things differently from adults.,아이들은 종종 어른들과 다르게 사물을 인식한다.,,,,,
180,unify,"통합하다, 하나로 만들다",verb,medium,2025-03-21 17:45:44.000000,2025-03-21 17:45:44.000000,The new leader tried to unify the divided country.,새 지도자는 분열된 나라를 통합하려 했다.,,,,,
181,incorporate,포함하다,verb,medium,2025-03-21 17:45:44.000000,2025-03-21 17:45:44.000000,We should incorporate your suggestions into the final plan.,우리는 당신의 제안을 최종 계획에 포함시켜야 한다.,,,,,
182,dismiss,해고하다,verb,medium,2025-03-21 17:45:44.000000,2025-03-21 17:45:44.000000,The case was dismissed due to lack of evidence.,증거 부족으로 그 사건은 기각되었다.,,,,,
183,interoffice,"사무실 간의, 회사 내의",adjective,medium,2025-03-21 17:45:44.000000,2025-03-21 17:45:44.000000,He sent an interoffice memo to all departments.,그는 모든 부서에 사내 메모를 보냈다.,,,,,
184,leisure,"여가, 자유 시간",noun,medium,2025-03-21 17:45:44.000000,2025-03-21 17:45:44.000000,She spends most of her leisure time reading.,그녀는 여가 시간 대부분을 독서로 보낸다.,,,,,
185,suspect,용의자,noun,medium,2025-03-21 17:45:44.000000,2025-03-21 17:45:44.000000,Police suspect that the fire was intentional.,경찰은 화재가 고의였다고 의심하고 있다.,,,,,
186,graduate,졸업생,noun,medium,2025-03-21 17:45:44.000000,2025-03-21 17:45:44.000000,He graduated from college last year.,그는 작년에 대학을 졸업했다.,,,,,
187,absurd,터무니 없는,adjective,medium,2025-03-21 17:45:44.000000,2025-03-21 17:45:44.000000,That idea is completely absurd.,그 아이디어는 완전히 터무니없다.,,,,,
188,academic,학문적인,adjective,medium,2025-03-21 17:45:44.000000,2025-03-21 17:45:44.000000,She has an excellent academic record.,그녀는 뛰어난 학업 성적을 가지고 있다.,,,,,
189,household,가정,noun,medium,2025-03-21 17:45:44.000000,2025-03-21 17:45:44.000000,Household expenses have increased recently.,가계 지출이 최근 증가했다.,,,,,
190,proclaim,"선언하다, 공표하다",verb,medium,2025-03-21 17:45:44.000000,2025-03-21 17:45:44.000000,The king proclaimed a new law.,왕은 새로운 법을 공표했다.,,,,,
191,reject,거부하다,verb,medium,2025-03-21 17:45:44.000000,2025-03-21 17:45:44.000000,They rejected the offer without hesitation.,그들은 주저 없이 그 제안을 거절했다.,,,,,
192,relative,친척,noun,medium,2025-03-21 17:45:44.000000,2025-03-21 17:45:44.000000,The price is low relative to its quality.,그 품질에 비해 가격이 낮다.,,,,,
193,exaggerate,과장하다,verb,medium,2025-03-21 17:45:44.000000,2025-03-21 17:45:44.000000,Don’t exaggerate the problem.,문제를 과장하지 마라.,,,,,
194,pose,질문을 제기하다,verb,medium,2025-03-21 17:45:44.000000,2025-03-21 17:45:44.000000,The question posed a serious challenge.,그 질문은 심각한 도전을 야기했다.,,,,,
195,bruise,"멍, 타박상",noun,medium,2025-03-21 17:45:44.000000,2025-03-21 17:45:44.000000,He got a bruise on his arm after falling.,그는 넘어지며 팔에 멍이 들었다.,,,,,
196,primary,"주요한, 기본적인",adjective,medium,2025-03-21 17:45:44.000000,2025-03-21 17:45:44.000000,The primary goal is customer satisfaction.,주된 목표는 고객 만족이다.,,,,,
197,administration,"관리, 경영",noun,medium,2025-03-21 17:45:44.000000,2025-03-21 17:45:44.000000,The new administration introduced several reforms.,새 행정부는 여러 개혁을 도입했다.,,,,,
198,agency,"대행사, 기관",noun,medium,2025-03-21 17:45:44.000000,2025-03-21 17:45:44.000000,She works for a government agency.,그녀는 정부 기관에서 일한다.,,,,,
199,witness,증인,noun,medium,2025-03-21 17:45:44.000000,2025-03-21 17:45:44.000000,A witness testified in court.,한 증인이 법정에서 증언했다.,,,,,
200,layout,"배치, 구성",noun,medium,2025-03-21 17:45:44.000000,2025-03-21 17:45:44.000000,The layout of the office was redesigned for efficiency.,사무실 배치는 효율성을 위해 재설계되었다.,,,,,
201,mind,신경 쓰다,verb,hard,2025-03-21 17:45:44.000000,2025-03-21 17:45:44.000000,Do you mind if I open the window?,창문을 열어도 괜찮을까요?,,,,,
202,artwork,예술 작품,noun,hard,2025-03-21 17:45:44.000000,2025-03-21 17:45:44.000000,The gallery displays modern artwork from local artists.,그 갤러리는 지역 예술가들의 현대 미술작품을 전시한다.,,,,,
203,remark,"발언, 논평",noun,hard,2025-03-21 17:45:44.000000,2025-03-21 17:45:44.000000,His rude remark offended many people.,그의 무례한 발언은 많은 사람을 불쾌하게 했다.,,,,,
204,offend,감정을 상하게 하다,verb,hard,2025-03-21 17:45:44.000000,2025-03-21 17:45:44.000000,Try not to offend anyone with your jokes.,농담으로 누구도 불쾌하게 하지 않도록 하세요.,,,,,
205,agitate,불안하게 만들다,verb,hard,2025-03-21 17:45:44.000000,2025-03-21 17:45:44.000000,The speaker agitated the crowd with emotional words.,연설자는 감정적인 말로 군중을 선동했다.,,,,,
206,cherish,소중히 여기다,verb,hard,2025-03-21 17:45:44.000000,2025-03-21 17:45:44.000000,I will always cherish the memories of my childhood.,나는 어린 시절의 기억을 항상 소중히 간직할 것이다.,,,,,
207,curfew,통행금지,noun,hard,2025-03-21 17:45:44.000000,2025-03-21 17:45:44.000000,There’s a curfew in place after 10 PM.,밤 10시 이후에는 통행 금지가 있다.,,,,,
208,delineate,상세히 설명하다,verb,hard,2025-03-21 17:45:44.000000,2025-03-21 17:45:44.000000,The map clearly delineates the boundaries of the country.,지도는 그 나라의 경계를 명확히 그려낸다.,,,,,
209,dire,"심각한, 끔찍한",adjective,hard,2025-03-21 17:45:44.000000,2025-03-21 17:45:44.000000,They were in dire need of medical supplies.,그들은 의약품이 절박하게 필요했다.,,,,,
210,eloquent,"웅변의, 설득력 있는",adjective,hard,2025-03-21 17:45:44.000000,2025-03-21 17:45:44.000000,She gave an eloquent speech on human rights.,그녀는 인권에 대해 유창한 연설을 했다.,,,,,
211,erode,"침식되다, 마모되다",verb,hard,2025-03-21 17:45:44.000000,2025-03-21 17:45:44.000000,The coastline is slowly eroding due to the waves.,해안선은 파도로 인해 서서히 침식되고 있다.,,,,,
212,espionage,첩보 활동,noun,hard,2025-03-21 17:45:44.000000,2025-03-21 17:45:44.000000,He was arrested for industrial espionage.,그는 산업 스파이 행위로 체포되었다.,,,,,
213,exude,어떤 특질이나 감정을 발산하다,verb,hard,2025-03-21 17:45:44.000000,2025-03-21 17:45:44.000000,She exudes confidence in every situation.,그녀는 어떤 상황에서도 자신감을 풍긴다.,,,,,
214,founder,"창립자, 설립자",noun,hard,2025-03-21 17:45:44.000000,2025-03-21 17:45:44.000000,He is the founder of the tech startup.,그는 그 기술 스타트업의 창립자이다.,,,,,
215,odds,"확률, 가능성",noun,hard,2025-03-21 17:45:44.000000,2025-03-21 17:45:44.000000,The odds of winning the lottery are very low.,복권에 당첨될 확률은 매우 낮다.,,,,,
216,inquisitive,호기심이 많은,adjective,hard,2025-03-21 17:45:44.000000,2025-03-21 17:45:44.000000,The child is very inquisitive and asks many questions.,그 아이는 매우 호기심이 많아 질문을 많이 한다.,,,,,
217,dissertation,논문,noun,hard,2025-03-21 17:45:44.000000,2025-03-21 17:45:44.000000,She is working on her PhD dissertation.,그녀는 박사 논문을 작성 중이다.,,,,,
218,overturn,뒤집다,verb,hard,2025-03-21 17:45:44.000000,2025-03-21 17:45:44.000000,The court overturned the previous ruling.,법원은 이전 판결을 뒤집었다.,,,,,
219,tardy,"늦은, 지연된",adjective,hard,2025-03-21 17:45:44.000000,2025-03-21 17:45:44.000000,He received a warning for being tardy to class.,그는 수업에 지각해서 경고를 받았다.,,,,,
220,undue,부당한,adjective,hard,2025-03-21 17:45:44.000000,2025-03-21 17:45:44.000000,The manager showed undue favoritism.,매니저는 부당한 편애를 보였다.,,,,,
221,vandalize,파손하다,verb,hard,2025-03-21 17:45:44.000000,2025-03-21 17:45:44.000000,Someone vandalized the school walls with graffiti.,누군가 학교 벽에 낙서를 하여 훼손했다.,,,,,
222,vent,"배출구, 통풍구",noun,hard,2025-03-21 17:45:44.000000,2025-03-21 17:45:44.000000,She needed to vent her frustration.,그녀는 자신의 좌절감을 털어놓을 필요가 있었다.,,,,,
223,placid,조용하고 평온한,adjective,hard,2025-03-21 17:45:44.000000,2025-03-21 17:45:44.000000,The lake was calm and placid in the morning.,그 호수는 아침에 고요하고 평화로웠다.,,,,,
224,ingenious,"창의적인, 기발한",adjective,hard,2025-03-21 17:45:44.000000,2025-03-21 17:45:44.000000,That was an ingenious solution to a complex problem.,그것은 복잡한 문제에 대한 기발한 해결책이었다.,,,,,
225,disturb,방해하다,verb,hard,2025-03-21 17:45:44.000000,2025-03-21 17:45:44.000000,Please do not disturb during the exam.,시험 중에는 방해하지 마십시오.,,,,,
226,acquaintance,"아는 사람, 지인",noun,hard,2025-03-21 17:45:44.000000,2025-03-21 17:45:44.000000,"He’s just a casual acquaintance, not a close friend.","그는 그냥 아는 사이일 뿐, 친한 친구는 아니다.",,,,,
227,provoke,특정 반응을 유발하다,verb,hard,2025-03-21 17:45:44.000000,2025-03-21 17:45:44.000000,His comments were intended to provoke a reaction.,그의 발언은 반응을 유도하려는 의도였다.,,,,,
228,attest,증명하다,verb,hard,2025-03-21 17:45:44.000000,2025-03-21 17:45:44.000000,I can attest to her honesty and integrity.,나는 그녀의 정직함과 성실함을 증명할 수 있다.,,,,,
229,entrust,"책임을 맡기다, 위임하다",verb,hard,2025-03-21 17:45:44.000000,2025-03-21 17:45:44.000000,They entrusted the documents to a reliable courier.,그들은 문서를 믿을 만한 택배사에 맡겼다.,,,,,
230,reputable,평판이 좋은,adjective,hard,2025-03-21 17:45:44.000000,2025-03-21 17:45:44.000000,We hired a reputable firm to conduct the audit.,우리는 평판 좋은 회사를 고용해 감사를 맡겼다.,,,,,
231,abridge,"요약하다, 단축하다",verb,hard,2025-03-21 17:45:44.000000,2025-03-21 17:45:44.000000,The editor abridged the article for clarity.,편집자는 명확성을 위해 기사를 요약했다.,,,,,
232,roam,"돌아다니다, 방황하다",verb,hard,2025-03-21 17:45:44.000000,2025-03-21 17:45:44.000000,Cows were seen roaming freely in the field.,소들이 들판을 자유롭게 돌아다니는 것이 목격되었다.,,,,,
233,scary,"무서운, 두려운",adjective,hard,2025-03-21 17:45:44.000000,2025-03-21 17:45:44.000000,That was the scariest movie I’ve ever seen.,그것은 내가 본 영화 중 가장 무서운 영화였다.,,,,,
234,compost,퇴비,noun,hard,2025-03-21 17:45:44.000000,2025-03-21 17:45:44.000000,We use food scraps to make compost for the garden.,우리는 음식물 찌꺼기로 정원을 위한 퇴비를 만든다.,,,,,
235,criteria,"기준, 조건",noun,hard,2025-03-21 17:45:44.000000,2025-03-21 17:45:44.000000,What are the criteria for selecting applicants?,지원자를 선발하는 기준은 무엇인가요?,,,,,
236,transmission,"전송, 전파",noun,hard,2025-03-21 17:45:44.000000,2025-03-21 17:45:44.000000,The transmission of the disease was faster than expected.,그 질병의 전파는 예상보다 빨랐다.,,,,,
237,disapprove,반대하다,verb,hard,2025-03-21 17:45:44.000000,2025-03-21 17:45:44.000000,I strongly disapprove of such behavior.,나는 그런 행동을 강하게 반대한다.,,,,,
238,restructuring,"구조 조정, 개편",noun,hard,2025-03-21 17:45:44.000000,2025-03-21 17:45:44.000000,The company is undergoing a major restructuring.,그 회사는 대대적인 구조조정을 겪고 있다.,,,,,
239,repression,억압,noun,hard,2025-03-21 17:45:44.000000,2025-03-21 17:45:44.000000,The people rose against political repression.,국민은 정치적 억압에 저항해 일어섰다.,,,,,
240,treadmill,런닝머신,noun,hard,2025-03-21 17:45:44.000000,2025-03-21 17:45:44.000000,I run on the treadmill every morning.,나는 매일 아침 러닝머신에서 달린다.,,,,,
241,portion,부분,noun,hard,2025-03-21 17:45:44.000000,2025-03-21 17:45:44.000000,She ate a small portion of the cake.,그녀는 케이크를 조금만 먹었다.,,,,,
242,further,추가적인,adjective,hard,2025-03-21 17:45:44.000000,2025-03-21 17:45:44.000000,Further discussion is needed to reach an agreement.,합의에 도달하기 위해 추가 논의가 필요하다.,,,,,
243,settlement,"합의, 해결",noun,hard,2025-03-21 17:45:44.000000,2025-03-21 17:45:44.000000,They reached a settlement after months of negotiation.,그들은 몇 달 간의 협상 끝에 합의에 도달했다.,,,,,
244,discretion,신중함,noun,hard,2025-03-21 17:45:44.000000,2025-03-21 17:45:44.000000,Use your own discretion when making decisions.,결정을 내릴 때는 자신의 재량에 따라 하세요.,,,,,
245,prominently,눈에 띄게,adverb,hard,2025-03-21 17:45:44.000000,2025-03-21 17:45:44.000000,Her artwork was prominently displayed at the gallery.,그녀의 작품은 갤러리에서 눈에 띄게 전시되었다.,,,,,
246,construe,"해석하다, 이해하다",verb,hard,2025-03-21 17:45:44.000000,2025-03-21 17:45:44.000000,His silence could be construed as agreement.,그의 침묵은 동의로 해석될 수 있다.,,,,,
247,meanwhile는,그 동안에,adverb,hard,2025-03-21 17:45:44.000000,2025-03-21 17:45:44.000000,"Meanwhile, I’ll wait for your reply.",그동안 나는 당신의 답장을 기다릴게요.,,,,,
248,reparation,"배상, 보상",noun,hard,2025-03-21 17:45:44.000000,2025-03-21 17:45:44.000000,The government paid reparations to the victims.,정부는 피해자들에게 배상을 지급했다.,,,,,
249,scare,"겁주다, 놀라게 하다",verb,hard,2025-03-21 17:45:44.000000,2025-03-21 17:45:44.000000,The loud noise gave me a scare.,큰 소리에 깜짝 놀랐다.,,,,,
250,daunting,"주눅 들게 하는, 벅찬",adjective,hard,2025-03-21 17:45:44.000000,2025-03-21 17:45:44.000000,Starting a new job can be a daunting experience.,새로운 일을 시작하는 것은 벅찬 경험일 수 있다.,,,,,
251,marginally,"아주 조금, 미미하게",adverb,hard,2025-03-21 17:45:44.000000,2025-03-21 17:45:44.000000,The new product is only marginally better than the old one.,새 제품은 기존 제품보다 약간 나을 뿐이다.,,,,,
252,schooling,정규 교육,noun,hard,2025-03-21 17:45:44.000000,2025-03-21 17:45:44.000000,She completed her schooling abroad.,그녀는 해외에서 학업을 마쳤다.,,,,,
253,frequency,빈도,noun,hard,2025-03-21 17:45:44.000000,2025-03-21 17:45:44.000000,The frequency of earthquakes in this region is increasing.,이 지역의 지진 빈도가 증가하고 있다.,,,,,
254,override,무시하다,verb,hard,2025-03-21 17:45:44.000000,2025-03-21 17:45:44.000000,The manager decided to override the previous decision.,관리자는 이전 결정을 무효화하기로 했다.,,,,,
255,showroom,"전시실, 전시장",noun,hard,2025-03-21 17:45:44.000000,2025-03-21 17:45:44.000000,The new car is on display in the showroom.,새 차가 전시장에 전시되어 있다.,,,,,
256,broadband,고속 인터넷,noun,hard,2025-03-21 17:45:44.000000,2025-03-21 17:45:44.000000,The hotel offers free broadband access.,그 호텔은 무료 초고속 인터넷을 제공한다.,,,,,
257,dreadfully,"무서운 정도로, 몹시",adverb,hard,2025-03-21 17:45:44.000000,2025-03-21 17:45:44.000000,I’m dreadfully sorry for the mistake.,실수에 대해 정말로 죄송합니다.,,,,,
258,reassurance,안심,noun,hard,2025-03-21 17:45:44.000000,2025-03-21 17:45:44.000000,He gave her reassurance before the interview.,그는 면접 전에 그녀에게 안심시켰다.,,,,,
259,oppression,억압,noun,hard,2025-03-21 17:45:44.000000,2025-03-21 17:45:44.000000,They lived under constant political oppression.,그들은 끊임없는 정치적 억압 속에 살았다.,,,,,
260,dreadful,"무서운, 끔찍한",adjective,hard,2025-03-21 17:45:44.000000,2025-03-21 17:45:44.000000,The service at the restaurant was dreadful.,그 식당의 서비스는 끔찍했다.,,,,,
261,conspire,"공모하다, 음모를 꾸 미다",verb,hard,2025-03-21 17:45:44.000000,2025-03-21 17:45:44.000000,They conspired to overthrow the government.,그들은 정부를 전복하기 위해 공모했다.,,,,,
262,deed,"행위, 업적",noun,hard,2025-03-21 17:45:44.000000,2025-03-21 17:45:44.000000,The brave deed earned him a medal.,그 용감한 행동으로 그는 훈장을 받았다.,,,,,
263,entry-level,초급의,adjective,hard,2025-03-21 17:45:44.000000,2025-03-21 17:45:44.000000,This is an entry-level job with training provided.,이 일자리는 신입 직급으로 교육이 제공된다.,,,,,
264,alumnus,남성 졸업생,noun,hard,2025-03-21 17:45:44.000000,2025-03-21 17:45:44.000000,He is an alumnus of Harvard University.,그는 하버드 대학교 졸업생이다.,,,,,
265,buyout,매수,noun,hard,2025-03-21 17:45:44.000000,2025-03-21 17:45:44.000000,The company avoided a hostile buyout.,그 회사는 적대적 인수를 피했다.,,,,,
266,sanctions,제재,noun,hard,2025-03-21 17:45:44.000000,2025-03-21 17:45:44.000000,The country faced international sanctions.,그 나라는 국제 제재에 직면했다.,,,,,
267,skewed,"편향된, 왜곡된",adjective,hard,2025-03-21 17:45:44.000000,2025-03-21 17:45:44.000000,The survey results were skewed by biased questions.,설문 결과는 편향된 질문으로 왜곡되었다.,,,,,
268,conscription,징병,noun,hard,2025-03-21 17:45:44.000000,2025-03-21 17:45:44.000000,Military conscription is mandatory in that country.,그 나라에서는 병역이 의무이다.,,,,,
269,altercate,"말다툼하다, 언쟁하다",verb,hard,2025-03-21 17:45:44.000000,2025-03-21 17:45:44.000000,The two drivers began to altercate over the accident.,두 운전자는 사고를 두고 언쟁을 벌였다.,,,,,
270,usage,"사용(량), 용법",noun,hard,2025-03-21 17:45:44.000000,2025-03-21 17:45:44.000000,The proper usage of words is important in writing.,글쓰기에서는 단어의 올바른 사용이 중요하다.,,,,,
271,distress,"심한 고통, 괴로움",noun,hard,2025-03-21 17:45:44.000000,2025-03-21 17:45:44.000000,She showed signs of emotional distress.,그녀는 감정적 고통의 징후를 보였다.,,,,,
272,approximate,대략적인,adjective,hard,2025-03-21 17:45:44.000000,2025-03-21 17:45:44.000000,The approximate cost is $500.,대략적인 비용은 500달러이다.,,,,,
273,financing,자금 조달,noun,hard,2025-03-21 17:45:44.000000,2025-03-21 17:45:44.000000,The project needs additional financing to continue.,프로젝트를 계속하려면 추가 자금 조달이 필요하다.,,,,,
274,credibly,신빙성 있게,adverb,hard,2025-03-21 17:45:44.000000,2025-03-21 17:45:44.000000,He was not credibly able to deny the charges.,그는 그 혐의를 믿을 만하게 부인하지 못했다.,,,,,
275,organization,"조직, 단체",noun,hard,2025-03-21 17:45:44.000000,2025-03-21 17:45:44.000000,The organization provides aid to refugees.,그 기관은 난민들에게 도움을 제공한다.,,,,,
276,viciously,잔인하게,adverb,hard,2025-03-21 17:45:44.000000,2025-03-21 17:45:44.000000,The dog barked viciously at the stranger.,그 개는 낯선 사람에게 사납게 짖었다.,,,,,
277,deteriorative,악화시키는,adjective,hard,2025-03-21 17:45:44.000000,2025-03-21 17:45:44.000000,The chemicals had a deteriorative effect on the environment.,그 화학물질은 환경에 악화시키는 영향을 미쳤다.,,,,,
278,submit,제출하다,verb,hard,2025-03-21 17:45:44.000000,2025-03-21 17:45:44.000000,Please submit your application by Friday.,금요일까지 신청서를 제출해 주세요.,,,,,
279,strain,"긴장, 압박",noun,hard,2025-03-21 17:45:44.000000,2025-03-21 17:45:44.000000,The heavy workload is causing a lot of strain.,과중한 업무가 큰 부담을 주고 있다.,,,,,
280,revitalize,새로운 활력을 주다,verb,hard,2025-03-21 17:45:44.000000,2025-03-21 17:45:44.000000,The mayor plans to revitalize the downtown area.,시장은 도심 지역을 활성화할 계획이다.,,,,,
281,bonanza,"노다지, 대박",noun,hard,2025-03-21 17:45:44.000000,2025-03-21 17:45:44.000000,The holiday season is a bonanza for retailers.,연휴 시즌은 소매업자들에게 대박 기회다.,,,,,
282,publicize,공개하다,verb,hard,2025-03-21 17:45:44.000000,2025-03-21 17:45:44.000000,The company plans to publicize its new product online.,회사는 신제품을 온라인에 홍보할 계획이다.,,,,,
283,enforcement,"집행, 시행",noun,hard,2025-03-21 17:45:44.000000,2025-03-21 17:45:44.000000,Law enforcement is crucial to maintaining public safety.,법 집행은 공공 안전을 유지하는 데 매우 중요하다.,,,,,
284,assertiveness,단호하게 주장하는 능력,noun,hard,2025-03-21 17:45:44.000000,2025-03-21 17:45:44.000000,Assertiveness is key in leadership and negotiations.,자기 주장력은 리더십과 협상에서 핵심이다.,,,,,
285,proactive,사전 예방적인,adjective,hard,2025-03-21 17:45:44.000000,2025-03-21 17:45:44.000000,We need to take a proactive approach to customer service.,고객 서비스에 능동적인 접근이 필요하다.,,,,,
286,advancement,"진보, 발전",noun,hard,2025-03-21 17:45:44.000000,2025-03-21 17:45:44.000000,She received a promotion in recognition of her advancement.,그녀는 자신의 발전을 인정받아 승진했다.,,,,,
287,bin,쓰레기통,noun,hard,2025-03-21 17:45:44.000000,2025-03-21 17:45:44.000000,Please put your trash in the bin.,쓰레기는 쓰레기통에 버려 주세요.,,,,,
288,chapter,"(책의) 장, 단원",noun,hard,2025-03-21 17:45:44.000000,2025-03-21 17:45:44.000000,The next chapter of the book is very exciting.,그 책의 다음 장은 매우 흥미진진하다.,,,,,
289,undesirable,"원하지 않는, 바람직 하지 않은",adjective,hard,2025-03-21 17:45:44.000000,2025-03-21 17:45:44.000000,Smoking in public places is considered undesirable.,공공장소에서의 흡연은 바람직하지 않다고 여겨진다.,,,,,
290,ground,"땅, 지면",noun,hard,2025-03-21 17:45:44.000000,2025-03-21 17:45:44.000000,The plane remained on the ground due to bad weather.,악천후로 인해 비행기는 지상에 머물렀다.,,,,,
291,corresponding,일치하는,adjective,hard,2025-03-21 17:45:44.000000,2025-03-21 17:45:44.000000,The corresponding page in the manual contains more details.,설명서의 해당 페이지에 더 많은 정보가 있다.,,,,,
292,curbside,도로 경계선 근처,noun,hard,2025-03-21 17:45:44.000000,2025-03-21 17:45:44.000000,Please leave your recycling at the curbside on Thursday morning.,재활용품은 목요일 아침 도로변에 내놓아 주세요.,,,,,
293,sanitation,위생,noun,hard,2025-03-21 17:45:44.000000,2025-03-21 17:45:44.000000,Sanitation workers collect garbage every Monday.,위생 작업자들은 매주 월요일에 쓰레기를 수거한다.,,,,,
294,against,반대하여,preposition,hard,2025-03-21 17:45:44.000000,2025-03-21 17:45:44.000000,He voted against the proposed changes.,그는 제안된 변경 사항에 반대 투표를 했다.,,,,,
295,bag,가방,noun,hard,2025-03-21 17:45:44.000000,2025-03-21 17:45:44.000000,She packed her clothes into a small bag.,그녀는 작은 가방에 옷을 쌌다.,,,,,
296,outlying,"외곽의, 멀리 떨어진",adjective,hard,2025-03-21 17:45:44.000000,2025-03-21 17:45:44.000000,The outlying areas of the city lack public transportation.,도심 외곽 지역은 대중교통이 부족하다.,,,,,
297,re-energize,새로운 활력을 주다,verb,hard,2025-03-21 17:45:44.000000,2025-03-21 17:45:44.000000,A short break helped re-energize the team.,짧은 휴식이 팀에 활력을 되찾게 해주었다.,,,,,
298,exemption,"면제, 예외",noun,hard,2025-03-21 17:45:44.000000,2025-03-21 17:45:44.000000,Students with low income may apply for a tuition exemption.,저소득 학생은 등록금 면제를 신청할 수 있다.,,,,,
299,high-profile,"세간의 이목을 끄는, 유명한",adjective,hard,2025-03-21 17:45:44.000000,2025-03-21 17:45:44.000000,He resigned after a high-profile scandal.,그는 세간의 이목을 끈 스캔들 후 사임했다.,,,,,
300,publicist,"홍보 전문가, 홍보 담 당자",noun,hard,2025-03-21 17:45:44.000000,2025-03-21 17:45:44.000000,Her publicist managed the press during the movie premiere.,그녀의 홍보 담당자가 영화 시사회 동안 언론을 관리했다.,,,,,
,,,,,,,,,,,,,
,,,,,,,,,,,,,
,,,,,,,,,,,,,
,,,,,,,,,,,,,
,,,,,,,,,,,,,
,,,,,,,,,,,,,
,,,,,,,,,,,,,
,,,,,,,,,,,,,
,,,,,,,,,,,,,
,,,,,,,,,,,,,
,,,,,,,,,,,,,
,,,,,,,,,,,,,
,,,,,,,,,,,,,
,,,,,,,,,,,,,
,,,,,,,,,,,,,
,,,,,,,,,,,,,
,,,,,,,,,,,,,
,,,,,,,,,,,,,
,,,,,,,,,,,,,
,,,,,,,,,,,,,